{
  "generatedAt": "2026-04-11T00:26:55.042Z",
  "phase": "E2Z-A",
  "dataset": "data/ETHUSDT_15m.csv",
  "breakoutBaseline": {
    "totalTrades": 193,
    "tradesPerDay": 0.2472872872872873,
    "profitFactor": 5.758790797161671,
    "expectancyR": 0.9295440414507787,
    "winRate": 0.8238341968911918,
    "maxDrawdown": 0.01985049937499999
  },
  "variants": [
    {
      "variant": "baseline_v1",
      "strategyId": "expansion_reload_balanced",
      "setupVariant": "expansion_reload_v1",
      "engineFamily": "continuation",
      "totalTrades": 80,
      "avgTradesPerDay": 0.10449832639399134,
      "profitFactor": 1.2210725849783304,
      "expectancyR": 0.12218749999999912,
      "winRate": 0.4625,
      "longCount": 43,
      "shortCount": 37,
      "tp1HitRate": 0.4625,
      "tp2CompletionRate": 0.3125,
      "avgHoldHours": 3.759375,
      "maxDrawdown": 0.0437519630505565,
      "overlapExactCount": 1,
      "overlapExactRate": 0.0125,
      "overlapNearCount": 6,
      "overlapNearRate": 0.075,
      "judgment": "REVISE"
    },
    {
      "variant": "v2_balanced",
      "strategyId": "expansion_reload_v2_balanced",
      "setupVariant": "expansion_reload_v2_balanced",
      "engineFamily": "continuation",
      "totalTrades": 137,
      "avgTradesPerDay": 0.1789533839497102,
      "profitFactor": 1.0980151785650674,
      "expectancyR": 0.05875912408759176,
      "winRate": 0.45255474452554745,
      "longCount": 80,
      "shortCount": 57,
      "tp1HitRate": 0.45255474452554745,
      "tp2CompletionRate": 0.29927007299270075,
      "avgHoldHours": 3.645985401459854,
      "maxDrawdown": 0.07201386942501826,
      "overlapExactCount": 1,
      "overlapExactRate": 0.0072992700729927005,
      "overlapNearCount": 10,
      "overlapNearRate": 0.072992700729927,
      "judgment": "KEEP"
    },
    {
      "variant": "v2_early",
      "strategyId": "expansion_reload_v2_early",
      "setupVariant": "expansion_reload_v2_early",
      "engineFamily": "continuation",
      "totalTrades": 188,
      "avgTradesPerDay": 0.2450475893063231,
      "profitFactor": 1.1234301134985452,
      "expectancyR": 0.06755319148936159,
      "winRate": 0.48936170212765956,
      "longCount": 110,
      "shortCount": 78,
      "tp1HitRate": 0.48936170212765956,
      "tp2CompletionRate": 0.2978723404255319,
      "avgHoldHours": 3.8404255319148937,
      "maxDrawdown": 0.08101159876176628,
      "overlapExactCount": 1,
      "overlapExactRate": 0.005319148936170213,
      "overlapNearCount": 11,
      "overlapNearRate": 0.05851063829787234,
      "judgment": "KEEP"
    },
    {
      "variant": "v2_wide",
      "strategyId": "expansion_reload_v2_wide",
      "setupVariant": "expansion_reload_v2_wide",
      "engineFamily": "continuation",
      "totalTrades": 271,
      "avgTradesPerDay": 0.35323828920570266,
      "profitFactor": 1.1435548320476003,
      "expectancyR": 0.07315498154981538,
      "winRate": 0.2988929889298893,
      "longCount": 159,
      "shortCount": 112,
      "tp1HitRate": 0.5276752767527675,
      "tp2CompletionRate": 0.2988929889298893,
      "avgHoldHours": 3.910516605166052,
      "maxDrawdown": 0.10682443739951691,
      "overlapExactCount": 1,
      "overlapExactRate": 0.0036900369003690036,
      "overlapNearCount": 15,
      "overlapNearRate": 0.055350553505535055,
      "judgment": "KEEP"
    }
  ],
  "bestVariant": {
    "variant": "v2_wide",
    "reason": "Highest participation-quality composite under PF/expectancy/overlap constraints.",
    "comparisonVsBaseline": {
      "tradesDelta": 191,
      "tradesPerDayDelta": 0.24873996281171132,
      "pfDelta": -0.07751775293073004,
      "expectancyRDelta": -0.049032518450183735,
      "overlapNearDelta": -0.019649446494464942
    }
  },
  "explicitQuestion": "Did refining expansion-reload successfully increase participation while preserving a believable edge?",
  "explicitAnswer": "Yes",
  "recommendation": "KEEP"
}