{
  "generatedAt": "2026-04-11T00:00:22.043Z",
  "phase": "E2Y-NEW",
  "dataset": "data/ETHUSDT_15m.csv",
  "strategy": {
    "engineFamily": "continuation",
    "setupVariant": "expansion_reload_v1",
    "strategyId": "expansion_reload_balanced",
    "moduleFamily": "EXPANSION_RELOAD_CONTINUATION"
  },
  "engine2": {
    "totalTrades": 80,
    "avgTradesPerDay": 0.10449832639399134,
    "profitFactor": 1.2210725849783304,
    "expectancyR": 0.12218749999999912,
    "winRate": 0.4625,
    "longCount": 43,
    "shortCount": 37,
    "tp1HitRate": 0.4625,
    "tp2CompletionRate": 0.3125,
    "tp2FromTp1Rate": 0.6756756756756757,
    "avgHoldHours": 3.759375,
    "maxDrawdown": 0.0437519630505565,
    "netPnL": 480.67335517006325,
    "summary": {
      "totalTrades": 80,
      "tradesPerDay": 0.10250250250250251,
      "wins": 37,
      "losses": 43,
      "winRate": 0.4625,
      "totalPnL": 480.67335517006325,
      "netPnL": 480.67335517006325,
      "grossPnL": 2654.951795064267,
      "fees": 0,
      "avgPnL": 6.008416939625791,
      "expectancy": 6.008416939625791,
      "profitFactor": 1.2210725849783304,
      "maxDrawdown": 0.0437519630505565,
      "avgWinner": 71.75545392065587,
      "avgLoser": -50.56461488126056,
      "avgPositionSize": 4.152896771467639,
      "avgPositionNotional": 11363.430334607116,
      "avgHoldCandles": 15.0375,
      "avgHoldMs": 13533750,
      "tp1Percent": 0,
      "tp2Percent": 0.3125,
      "stopPercent": 0.6875,
      "protectedExitPercent": 0.15,
      "strategyId": "expansion_reload_balanced",
      "profileType": "balanced",
      "moduleFamily": "EXPANSION_RELOAD_CONTINUATION"
    },
    "funnel": {
      "generated": 82,
      "regimeBlocked": 0,
      "validationRejected": 2,
      "scoreRejected": 0,
      "accepted": 80,
      "executed": 80
    }
  },
  "breakoutBaseline": {
    "totalTrades": 193,
    "avgTradesPerDay": 0.24797237613426484,
    "profitFactor": 5.758790797161671,
    "expectancyR": 0.9295440414507787,
    "winRate": 0.8238341968911918,
    "longCount": 114,
    "shortCount": 79,
    "tp1HitRate": 0.8238341968911918,
    "tp2CompletionRate": 0.6113989637305699,
    "tp2FromTp1Rate": 0.7421383647798742,
    "avgHoldHours": 1.4922279792746116,
    "maxDrawdown": 0.01985049937499999,
    "netPnL": 14387.741984682827,
    "summary": {
      "totalTrades": 193,
      "tradesPerDay": 0.2472872872872873,
      "wins": 159,
      "losses": 34,
      "winRate": 0.8238341968911918,
      "totalPnL": 14387.741984682827,
      "netPnL": 14387.741984682827,
      "grossPnL": 17411.14490318561,
      "fees": 0,
      "avgPnL": 74.5478859309991,
      "expectancy": 74.5478859309991,
      "profitFactor": 5.758790797161671,
      "maxDrawdown": 0.01985049937499999,
      "avgWinner": 109.50405599487804,
      "avgLoser": -88.92361525008208,
      "avgPositionSize": 10.378567256291126,
      "avgPositionNotional": 30209.97106564786,
      "avgHoldCandles": 5.9689119170984455,
      "avgHoldMs": 5372020.725388601,
      "tp1Percent": 0,
      "tp2Percent": 0.6113989637305699,
      "stopPercent": 0.38860103626943004,
      "protectedExitPercent": 0.21243523316062177,
      "strategyId": "compression_breakout_balanced",
      "profileType": "balanced",
      "moduleFamily": "COMPRESSION_BREAKOUT_RETEST"
    },
    "funnel": {
      "generated": 193,
      "regimeBlocked": 0,
      "validationRejected": 0,
      "scoreRejected": 0,
      "accepted": 193,
      "executed": 193
    }
  },
  "overlapVsBreakout": {
    "exactOverlapCount": 1,
    "exactOverlapRate": 0.0125,
    "nearOverlapCount": 6,
    "nearOverlapRate": 0.075
  },
  "additiveAssessment": {
    "additionalTradesVsBreakout": 80,
    "overlapAdjustedDistinctTrades": 74,
    "relativeParticipationLiftVsBreakout": 0.41450777202072536
  },
  "explicitQuestion": "Did adding Engine 2 as an expansion-reload strategy create a genuinely believable second engine under the current system and data constraints?",
  "explicitAnswer": "Yes",
  "recommendation": "KEEP"
}